Date,Sales
2015-01-01,17447.04
2015-02-01,16488.76
2015-03-01,19461.32
2015-04-01,21111.73
2015-05-01,20829.26
2015-06-01,20663.28
2015-07-01,22118.89
2015-08-01,
2015-09-01,22319.87
2015-10-01,24615.5
2015-11-01,27832.92
2015-12-01,31584.84
2016-01-01,19869.77
2016-01-01,19869.77
2016-02-01,17449.65
2016-03-01,20196.37
2016-04-01,22198.94
2016-05-01,23248.45
2016-06-01,24214.42
2016-07-01,22875.58
2016-08-01,23668.93
2016-09-01,122737.86000000002
2016-10-01,27293.6
2016-11-01,32210.78
2016-12-01,35089.73
2017-01-01,21814.06
2017-02-01,21829.83
2017-03-01,23583.31
2017-04-01,26007.13
2017-05-01,26739.43
2017-06-01,26726.68
2017-07-01,
2017-08-01,29727.05
2017-09-01,29157.45
2017-10-01,29914.46
2017-11-01,36790.29
2017-12-01,39641.24
2018-01-01,25143.98
2018-02-01,22524.7
2018-03-01,26294.23
2018-04-01,28810.18
2018-05-01,31064.62
2018-06-01,30201.03
2018-07-01,29579.12
2018-08-01,30909.01
2018-09-01,31052.53
2018-10-01,33588.14
2018-10-01,33588.14
2018-11-01,39535.43
2018-12-01,46059.41
2019-01-01,27917.26
2019-02-01,25260.06
2019-03-01,30651.68
2019-04-01,31250.43
2019-05-01,32910.77
2019-06-01,33654.91
2019-07-01,33606.3
2019-08-01,
2019-09-01,34841.5
2019-10-01,37327.31
2019-11-01,44148.14
2019-12-01,50353.99
2020-01-01,29828.74
2020-02-01,29238.11
2020-03-01,32234.7
2020-04-01,33484.41
2020-05-01,37371.27
2020-06-01,37382.62
2020-07-01,160239.555
2020-08-01,38323.18
2020-09-01,39135.87
2020-10-01,40394.59
2020-11-01,48075.26
2020-12-01,55228.23
2021-01-01,32879.76
2021-02-01,33371.78
2021-03-01,33743.03
2021-04-01,38264.71
2021-05-01,39838.34
2021-06-01,38950.49
2021-07-01,38751.38
2021-08-01,38751.19
2021-09-01,41826.3
2021-10-01,
2021-11-01,52980.1
2021-12-01,57745.56
2022-01-01,34836.36
2022-02-01,34070.42
2022-03-01,39795.06
2022-04-01,40784.88
2022-05-01,42403.22
2022-06-01,42739.14
2022-07-01,41751.37
2022-08-01,44531.78
2022-09-01,44605.75
2022-10-01,47419.5
2022-11-01,55197.1
2022-12-01,61262.84
2023-01-01,38482.51
2023-02-01,37315.35
2023-03-01,41846.2
2023-04-01,43241.87
2023-05-01,44726.17
2023-06-01,44956.22
2023-07-01,44350.76
2023-08-01,46057.95
2023-09-01,48306.04
2023-10-01,51447.65
2023-11-01,61147.57
2023-12-01,67105.12
